image,distance_mm
img_000000.png,0.000000
img_000001.png,0.241643
img_000002.png,0.402901
img_000003.png,0.655997
img_000004.png,0.802824
img_000005.png,1.058072
img_000006.png,1.200199
img_000007.png,1.410164
img_000008.png,1.602658
img_000009.png,1.809812
img_000010.png,2.000939
img_000011.png,2.211557
img_000012.png,2.402278
img_000013.png,2.659445
img_000014.png,2.804500
img_000015.png,3.059619
img_000016.png,3.204603
img_000017.png,3.461346
img_000018.png,3.600071
img_000019.png,3.861145
img_000020.png,4.001530
img_000021.png,4.257945
img_000022.png,4.403790
img_000023.png,4.659999
img_000024.png,4.804633
img_000025.png,5.058468
img_000026.png,5.221597
img_000027.png,5.458154
img_000028.png,5.618366
img_000029.png,5.860365
img_000030.png,6.018594
img_000031.png,6.260476
img_000032.png,6.418364
img_000033.png,6.658766
img_000034.png,6.819011
img_000035.png,7.057491
img_000036.png,7.216315
img_000037.png,7.459686
img_000038.png,7.617656
img_000039.png,7.874581
img_000040.png,8.016373
img_000041.png,8.275354
img_000042.png,8.417934
img_000043.png,8.675333
img_000044.png,8.820044
img_000045.png,9.028218
img_000046.png,9.219228
img_000047.png,9.427958
img_000048.png,9.616700
img_000049.png,9.828736
img_000050.png,10.018312
img_000051.png,10.226523
img_000052.png,10.419417
img_000053.png,10.626933
img_000054.png,10.818595
img_000055.png,11.026943
img_000056.png,11.217626
img_000057.png,11.425873
img_000058.png,11.618875
img_000059.png,11.826367
img_000060.png,12.016291
img_000061.png,12.225324
img_000062.png,12.434078
img_000063.png,12.626227
img_000064.png,12.837744
img_000065.png,13.026085
img_000066.png,13.232643
img_000067.png,13.424578
img_000068.png,13.634204
img_000069.png,13.826965
img_000070.png,14.036114
img_000071.png,14.224313
img_000072.png,14.436669
img_000073.png,14.627415
img_000074.png,14.835782
img_000075.png,15.026895
img_000076.png,15.233602
img_000077.png,15.427543
img_000078.png,15.632328
img_000079.png,15.828222
img_000080.png,16.035094
img_000081.png,16.242010
img_000082.png,16.434592
img_000083.png,16.642031
img_000084.png,16.832167
img_000085.png,17.041982
img_000086.png,17.232430
img_000087.png,17.440358
img_000088.png,17.634665
img_000089.png,17.843725
img_000090.png,18.033808
img_000091.png,18.245646
img_000092.png,18.434670
img_000093.png,18.640955
img_000094.png,18.834467
img_000095.png,19.043692
img_000096.png,19.232327
img_000097.png,19.444960
img_000098.png,19.634198
img_000099.png,19.842123
img_000100.png,20.048990
img_000101.png,20.255454
img_000102.png,20.450606
img_000103.png,20.642550
img_000104.png,20.804887
img_000105.png,21.003498
img_000106.png,21.201929
img_000107.png,21.443389
img_000108.png,21.603800
img_000109.png,21.843630
img_000110.png,22.002229
img_000111.png,22.241773
img_000112.png,22.400986
img_000113.png,22.645362
img_000114.png,22.801541
img_000115.png,23.044768
img_000116.png,23.205042
img_000117.png,23.459629
img_000118.png,23.602897
img_000119.png,23.859280
img_000120.png,24.000418
img_000121.png,24.258586
img_000122.png,24.401925
img_000123.png,24.612158
img_000124.png,24.800557
img_000125.png,25.008595
img_000126.png,25.203075
img_000127.png,25.411634
img_000128.png,25.602747
img_000129.png,25.858983
img_000130.png,26.001557
img_000131.png,26.258727
img_000132.png,26.402778
img_000133.png,26.661088
img_000134.png,26.801887
img_000135.png,27.061708
img_000136.png,27.203361
img_000137.png,27.456167
img_000138.png,27.602417
img_000139.png,27.856443
img_000140.png,28.000555
img_000141.png,28.257947
img_000142.png,28.416811
img_000143.png,28.659205
img_000144.png,28.820887
img_000145.png,29.059640
img_000146.png,29.220142
img_000147.png,29.458888
img_000148.png,29.621163
img_000149.png,29.856607
img_000150.png,30.016161
img_000151.png,30.259390
img_000152.png,30.418424
img_000153.png,30.658517
img_000154.png,30.819142
img_000155.png,31.075988
img_000156.png,31.220226
img_000157.png,31.474971
img_000158.png,31.619606
img_000159.png,31.873193
img_000160.png,32.019432
img_000161.png,32.225249
img_000162.png,32.419428
img_000163.png,32.626348
img_000164.png,32.819217
img_000165.png,33.026738
img_000166.png,33.218479
img_000167.png,33.426815
img_000168.png,33.618153
img_000169.png,33.825845
img_000170.png,34.016982
img_000171.png,34.228872
img_000172.png,34.418335
img_000173.png,34.625561
img_000174.png,34.819171
img_000175.png,35.028692
img_000176.png,35.216553
img_000177.png,35.426263
img_000178.png,35.636630
img_000179.png,35.826289
img_000180.png,36.033707
img_000181.png,36.233531
img_000182.png,36.432348
img_000183.png,36.627961
img_000184.png,36.834339
img_000185.png,37.028725
img_000186.png,37.234201
img_000187.png,37.426187
img_000188.png,37.635270
img_000189.png,37.828895
img_000190.png,38.034210
img_000191.png,38.228603
img_000192.png,38.437157
img_000193.png,38.628764
img_000194.png,38.835257
img_000195.png,39.029502
img_000196.png,39.234546
img_000197.png,39.441559
img_000198.png,39.633879
img_000199.png,39.843995
img_000200.png,40.033057
img_000201.png,40.242216
img_000202.png,40.432203
img_000203.png,40.644811
img_000204.png,40.834592
img_000205.png,41.042057
img_000206.png,41.233993
img_000207.png,41.443064
img_000208.png,41.633356
img_000209.png,41.843700
img_000210.png,42.033521
img_000211.png,42.240436
img_000212.png,42.435634
img_000213.png,42.642442
img_000214.png,42.833534
img_000215.png,43.044464
img_000216.png,43.250480
img_000217.png,43.444245
img_000218.png,43.652287
img_000219.png,43.843124
img_000220.png,44.001962
img_000221.png,44.249486
img_000222.png,44.402900
img_000223.png,44.643308
img_000224.png,44.803087
img_000225.png,45.014052
img_000226.png,45.201662
img_000227.png,45.442389
img_000228.png,45.601611
img_000229.png,45.844613
img_000230.png,46.050755
img_000231.png,46.241716
img_000232.png,46.400870
img_000233.png,46.660340
img_000234.png,46.804077
img_000235.png,47.001730
img_000236.png,47.200865
img_000237.png,47.459587
img_000238.png,47.603014
img_000239.png,47.812261
img_000240.png,48.000961
img_000241.png,48.212792
img_000242.png,48.404638
img_000243.png,48.613194
img_000244.png,48.804840
img_000245.png,49.005446
img_000246.png,49.202630
img_000247.png,49.460406
img_000248.png,49.602627
img_000249.png,49.860690
img_000250.png,50.004578
img_000251.png,50.260476
img_000252.png,50.402800
img_000253.png,50.660011
img_000254.png,50.801451
img_000255.png,51.058972
img_000256.png,51.220461
img_000257.png,51.456088
img_000258.png,51.619003
img_000259.png,51.860788
img_000260.png,52.017909
img_000261.png,52.257808
img_000262.png,52.416099
img_000263.png,52.661425
img_000264.png,52.816286
img_000265.png,53.058850
img_000266.png,53.239241
img_000267.png,53.459165
img_000268.png,53.620105
img_000269.png,53.859230
img_000270.png,54.018120
img_000271.png,54.274424
img_000272.png,54.420300
img_000273.png,54.675775
img_000274.png,54.818847
img_000275.png,55.073067
img_000276.png,55.215783
img_000277.png,55.426672
img_000278.png,55.617100
img_000279.png,55.824470
img_000280.png,56.019095
img_000281.png,56.226319
img_000282.png,56.416361
img_000283.png,56.626737
img_000284.png,56.817583
img_000285.png,57.026654
img_000286.png,57.217689
img_000287.png,57.425062
img_000288.png,57.618634
img_000289.png,57.828798
img_000290.png,58.020669
img_000291.png,58.229101
img_000292.png,58.418105
img_000293.png,58.624047
img_000294.png,58.834987
img_000295.png,59.028658
img_000296.png,59.232657
img_000297.png,59.428023
img_000298.png,59.634177
img_000299.png,59.827023
img_000300.png,60.033240
img_000301.png,60.225696
img_000302.png,60.435611
img_000303.png,60.627164
img_000304.png,60.836484
img_000305.png,61.025643
img_000306.png,61.233327
img_000307.png,61.426015
img_000308.png,61.635554
img_000309.png,61.827876
img_000310.png,62.036175
img_000311.png,62.225650
img_000312.png,62.434572
img_000313.png,62.643191
img_000314.png,62.835572
img_000315.png,63.042796
img_000316.png,63.232211
img_000317.png,63.444009
img_000318.png,63.634656
img_000319.png,63.843956
img_000320.png,64.034875
img_000321.png,64.242413
img_000322.png,64.434907
img_000323.png,64.643148
img_000324.png,64.836606
img_000325.png,65.044539
img_000326.png,65.233158
img_000327.png,65.444856
img_000328.png,65.634681
img_000329.png,65.843856
img_000330.png,66.051851
img_000331.png,66.242897
img_000332.png,66.451204
img_000333.png,66.641787
img_000334.png,66.853213
img_000335.png,67.041618
img_000336.png,67.202456
img_000337.png,67.444206
img_000338.png,67.603220
img_000339.png,67.843221
img_000340.png,68.001875
img_000341.png,68.242959
img_000342.png,68.403118
img_000343.png,68.643484
img_000344.png,68.802040
img_000345.png,69.043781
img_000346.png,69.202418
img_000347.png,69.443132
img_000348.png,69.605289
img_000349.png,69.860468
img_000350.png,70.001664
img_000351.png,70.256740
img_000352.png,70.402636
img_000353.png,70.611396
img_000354.png,70.802263
img_000355.png,71.009791
img_000356.png,71.201996
img_000357.png,71.412738
img_000358.png,71.602250
img_000359.png,71.861031
img_000360.png,72.001885
img_000361.png,72.260659
img_000362.png,72.402721
img_000363.png,72.656648
img_000364.png,72.801941
img_000365.png,73.057933
img_000366.png,73.202419
img_000367.png,73.460928
img_000368.png,73.603481
img_000369.png,73.857974
img_000370.png,74.001782
img_000371.png,74.259557
img_000372.png,74.418525
img_000373.png,74.659678
img_000374.png,74.818935
img_000375.png,75.059393
img_000376.png,75.219423
img_000377.png,75.458567
img_000378.png,75.618402
img_000379.png,75.860413
img_000380.png,76.007996
img_000381.png,76.260770
img_000382.png,76.417268
img_000383.png,76.661442
img_000384.png,76.818129
img_000385.png,77.060345
img_000386.png,77.216232
img_000387.png,77.474849
img_000388.png,77.617557
img_000389.png,77.874339
img_000390.png,78.017298
img_000391.png,78.225698
img_000392.png,78.419740
img_000393.png,78.625600
img_000394.png,78.818745
img_000395.png,79.026934
img_000396.png,79.218512
img_000397.png,79.428800
img_000398.png,79.618124
img_000399.png,79.827533
img_000400.png,80.020619
img_000401.png,80.225514
img_000402.png,80.419252
img_000403.png,80.628711
img_000404.png,80.817650
img_000405.png,81.028667
img_000406.png,81.219946
img_000407.png,81.428740
img_000408.png,81.619678
img_000409.png,81.826200
img_000410.png,82.035061
img_000411.png,82.226570
img_000412.png,82.434958
img_000413.png,82.627573
img_000414.png,82.834294
img_000415.png,83.028535
img_000416.png,83.234349
img_000417.png,83.426388
img_000418.png,83.635108
img_000419.png,83.828468
img_000420.png,84.037251
img_000421.png,84.224093
img_000422.png,84.435828
img_000423.png,84.626939
img_000424.png,84.835497
img_000425.png,85.028792
img_000426.png,85.233650
img_000427.png,85.443282
img_000428.png,85.634848
img_000429.png,85.844053
img_000430.png,86.036410
img_000431.png,86.242775
img_000432.png,86.434225
img_000433.png,86.643501
img_000434.png,86.834158
img_000435.png,87.044599
img_000436.png,87.234430
img_000437.png,87.440265
img_000438.png,87.636668
img_000439.png,87.843701
img_000440.png,88.035074
img_000441.png,88.240253
img_000442.png,88.434348
img_000443.png,88.643598
img_000444.png,88.832822
img_000445.png,89.044908
img_000446.png,89.249591
img_000447.png,89.441211
img_000448.png,89.650847
img_000449.png,89.845323
img_000450.png,90.052320
img_000451.png,90.241726
img_000452.png,90.402329
img_000453.png,90.646066
img_000454.png,90.803286
img_000455.png,91.044737
img_000456.png,91.203603
img_000457.png,91.443030
img_000458.png,91.604808
img_000459.png,91.843521
img_000460.png,92.003284
img_000461.png,92.243041
img_000462.png,92.401463
img_000463.png,92.641757
img_000464.png,92.801625
img_000465.png,93.059123
img_000466.png,93.203280
img_000467.png,93.456671
img_000468.png,93.602477
img_000469.png,93.810878
img_000470.png,94.001667
img_000471.png,94.211491
img_000472.png,94.401567
img_000473.png,94.611341
img_000474.png,94.804442
img_000475.png,95.004178
img_000476.png,95.202003
img_000477.png,95.456350
img_000478.png,95.602909
img_000479.png,95.862064
img_000480.png,96.002195
img_000481.png,96.258621
img_000482.png,96.402922
img_000483.png,96.656756
img_000484.png,96.802501
img_000485.png,97.059657
img_000486.png,97.202532
img_000487.png,97.457596
img_000488.png,97.617579
img_000489.png,97.859356
img_000490.png,98.016349
img_000491.png,98.260081
img_000492.png,98.420079
img_000493.png,98.660689
img_000494.png,98.820528
img_000495.png,99.059047
img_000496.png,99.221157
img_000497.png,99.459065
img_000498.png,99.616968
img_000499.png,99.861194
img_000500.png,100.018022
img_000501.png,100.276269
img_000502.png,100.420872
img_000503.png,100.674073
img_000504.png,100.819194
img_000505.png,101.074962
img_000506.png,101.216278
img_000507.png,101.428741
img_000508.png,101.617688
img_000509.png,101.828088
img_000510.png,102.018820
img_000511.png,102.224839
img_000512.png,102.418659
img_000513.png,102.626429
img_000514.png,102.819853
img_000515.png,103.027575
img_000516.png,103.216184
img_000517.png,103.428777
img_000518.png,103.616188
img_000519.png,103.828890
img_000520.png,104.018363
img_000521.png,104.226553
img_000522.png,104.420638
img_000523.png,104.625658
img_000524.png,104.836183
img_000525.png,105.026226
img_000526.png,105.232473
img_000527.png,105.427000
img_000528.png,105.632369
img_000529.png,105.828077
img_000530.png,106.036233
img_000531.png,106.224510
img_000532.png,106.434152
img_000533.png,106.627649
img_000534.png,106.835176
img_000535.png,107.026833
img_000536.png,107.233554
img_000537.png,107.427252
img_000538.png,107.632924
img_000539.png,107.826075
img_000540.png,108.036180
img_000541.png,108.224154
img_000542.png,108.437400
img_000543.png,108.646015
img_000544.png,108.835500
img_000545.png,109.042934
img_000546.png,109.232333
img_000547.png,109.442494
img_000548.png,109.635679
img_000549.png,109.840871
img_000550.png,110.034012
img_000551.png,110.242113
img_000552.png,110.434692
img_000553.png,110.643384
img_000554.png,110.836516
img_000555.png,111.042877
img_000556.png,111.234589
img_000557.png,111.445939
img_000558.png,111.633912
img_000559.png,111.845389
img_000560.png,112.033823
img_000561.png,112.242001
img_000562.png,112.453168
img_000563.png,112.645139
img_000564.png,112.849833
img_000565.png,113.044829
img_000566.png,113.201241
img_000567.png,113.443350
img_000568.png,113.602669
img_000569.png,113.843567
img_000570.png,114.002657
img_000571.png,114.247477
img_000572.png,114.403303
img_000573.png,114.642571
img_000574.png,114.800343
img_000575.png,115.042877
img_000576.png,115.204952
img_000577.png,115.445329
img_000578.png,115.604165
img_000579.png,115.842752
img_000580.png,116.049942
img_000581.png,116.259608
img_000582.png,116.403372
img_000583.png,116.656525
img_000584.png,116.801767
img_000585.png,117.009104
img_000586.png,117.203211
img_000587.png,117.411531
img_000588.png,117.602543
img_000589.png,117.810821
img_000590.png,118.008604
img_000591.png,118.258256
img_000592.png,118.402267
img_000593.png,118.658216
img_000594.png,118.802239
img_000595.png,119.057806
img_000596.png,119.204482
img_000597.png,119.459174
img_000598.png,119.602572
img_000599.png,119.857373
img_000600.png,120.067240
img_000601.png,120.258711
img_000602.png,120.400621
img_000603.png,120.658695
img_000604.png,120.817225
img_000605.png,121.061254
img_000606.png,121.219504
img_000607.png,121.457910
img_000608.png,121.618410
img_000609.png,121.856943
img_000610.png,122.020999
img_000611.png,122.258200
img_000612.png,122.418954
img_000613.png,122.658782
img_000614.png,122.818507
img_000615.png,123.059421
img_000616.png,123.218352
img_000617.png,123.476807
img_000618.png,123.618189
img_000619.png,123.874858
img_000620.png,124.017649
img_000621.png,124.277372
img_000622.png,124.417817
img_000623.png,124.626902
img_000624.png,124.819535
img_000625.png,125.026893
img_000626.png,125.216032
img_000627.png,125.426363
img_000628.png,125.621507
img_000629.png,125.827166
img_000630.png,126.018595
img_000631.png,126.226743
img_000632.png,126.416338
img_000633.png,126.626306
img_000634.png,126.817788
img_000635.png,127.026480
img_000636.png,127.216254
