image,angle_deg,elapsed_s
img_000000.png,0.000000000,0.000000000
img_000001.png,0.628239894,0.748050100
img_000002.png,1.206259992,1.151446900
img_000003.png,1.715899519,1.967881400
img_000004.png,2.489202548,2.385498500
img_000005.png,3.008856826,2.651300700
img_000006.png,3.560422334,3.485415200
img_000007.png,4.256138742,4.319282500
img_000008.png,4.820199536,4.728365100
img_000009.png,5.342915883,5.677535000
img_000010.png,6.270248142,6.235694600
img_000011.png,6.862870513,6.646258100
img_000012.png,7.398923146,7.610362200
img_000013.png,8.074973627,8.150009600
img_000014.png,8.644963063,8.721301900
img_000015.png,9.202287828,9.663184800
img_000016.png,9.765308646,9.934147500
img_000017.png,10.270054418,10.204021000
img_000018.png,10.792862267,11.034758500
img_000019.png,11.325996079,11.734147200
img_000020.png,11.944161584,12.129225200
img_000021.png,12.466835839,12.982175800
img_000022.png,13.195214349,13.678905800
img_000023.png,13.789574263,13.942466300
img_000024.png,14.312540022,14.756137900
img_000025.png,14.958211939,15.578710500
img_000026.png,15.569137674,15.989330800
img_000027.png,16.113303367,16.932037800
img_000028.png,16.619655421,17.352127200
img_000029.png,17.311417753,17.625527700
img_000030.png,17.826804002,18.326623000
img_000031.png,18.459623209,19.260846400
img_000032.png,19.068718592,19.665141300
img_000033.png,19.583309886,20.367256000
img_000034.png,20.188801154,21.066421700
img_000035.png,20.847514887,21.325503600
img_000036.png,21.371956928,21.876978800
img_000037.png,21.934291172,22.815262700
img_000038.png,22.516782184,23.240715300
img_000039.png,23.037259162,23.784050800
img_000040.png,23.604849756,24.750084700
img_000041.png,24.174389792,25.019222100
img_000042.png,24.682226849,25.303344900
img_000043.png,25.194463194,26.129831900
img_000044.png,25.779961933,26.855842200
img_000045.png,26.327278582,27.138824900
img_000046.png,26.843692825,27.963411200
img_000047.png,27.461734465,28.644902100
img_000048.png,28.154822826,28.928567800
img_000049.png,28.666533275,29.630495800
img_000050.png,29.236152639,30.466234900
img_000051.png,29.850060696,30.863570700
img_000052.png,30.363422106,31.576418800
img_000053.png,30.965491679,32.385356200
img_000054.png,31.662081507,32.668732700
img_000055.png,32.163546267,33.207872000
img_000056.png,32.713485227,34.154873800
img_000057.png,33.272540562,34.575943200
img_000058.png,33.870467766,35.156896400
img_000059.png,34.459467332,36.119262900
img_000060.png,35.063160288,36.385499900
img_000061.png,35.637821435,36.801331000
img_000062.png,36.192607134,37.764398100
img_000063.png,36.810372697,38.314841700
img_000064.png,37.398958269,38.855777300
img_000065.png,37.977430687,39.841469200
img_000066.png,38.545499989,40.112027800
img_000067.png,39.180917622,40.509364200
img_000068.png,39.776231690,41.491790500
img_000069.png,40.290410813,42.035079400
img_000070.png,40.854888980,42.444903100
img_000071.png,41.396127661,43.432647000
img_000072.png,41.962687941,43.834562100
img_000073.png,42.618271737,44.120985500
img_000074.png,43.190795961,45.073632000
img_000075.png,43.805177001,45.765520300
img_000076.png,44.395320018,46.186336800
img_000077.png,44.950681466,47.150147100
img_000078.png,45.797200405,47.715627400
img_000079.png,46.313357670,47.999912600
img_000080.png,46.879129954,48.997127700
img_000081.png,47.420974780,49.556226500
img_000082.png,48.007460313,49.968746000
img_000083.png,48.570603518,50.955701600
img_000084.png,49.086826709,51.379227000
img_000085.png,49.713342972,51.631626900
img_000086.png,50.308957699,52.345108100
img_000087.png,50.916037888,53.182718700
img_000088.png,51.490347900,53.578444500
img_000089.png,52.004542132,54.278318900
img_000090.png,53.369759211,55.377426000
img_000091.png,53.915920508,56.199525200
img_000092.png,54.579679720,57.050350500
img_000093.png,55.193550572,57.460564700
img_000094.png,55.727533664,58.406877900
img_000095.png,56.501432223,58.966417000
img_000096.png,57.053212317,59.252051500
img_000097.png,57.607763017,60.190279700
img_000098.png,58.276053509,60.900099600
img_000099.png,58.831869107,61.308147400
img_000100.png,59.346018356,62.253689500
img_000101.png,60.165884476,62.815692000
img_000102.png,60.806466861,63.239063500
img_000103.png,61.365115373,64.219712300
img_000104.png,61.963297779,64.771848300
img_000105.png,62.523174881,65.203917000
img_000106.png,63.029035641,66.165691400
img_000107.png,63.796222665,66.593637300
img_000108.png,64.350846358,66.852002600
img_000109.png,64.933749863,67.845777800
img_000110.png,65.454172546,68.396721900
img_000111.png,66.051853265,68.811213800
img_000112.png,66.568066711,69.781070200
img_000113.png,67.098454326,70.205285200
img_000114.png,67.602634050,70.378396900
img_000115.png,68.105722893,70.902174300
img_000116.png,68.693500356,71.872427400
img_000117.png,69.331410055,72.277362600
img_000118.png,69.838173532,72.816807300
img_000119.png,70.456728096,73.789711000
img_000120.png,71.050781583,74.056649300
img_000121.png,71.645953310,74.485744700
img_000122.png,72.180298807,75.435058600
img_000123.png,72.779121859,75.974503000
img_000124.png,73.280551024,76.382854200
img_000125.png,73.806697108,77.335710400
img_000126.png,74.575852836,77.776065000
img_000127.png,75.180212734,78.186228700
img_000128.png,75.735228295,79.158092500
img_000129.png,76.305998974,79.721566200
img_000130.png,76.835301471,80.120536600
img_000131.png,77.406845200,81.097252000
img_000132.png,77.949109911,81.511352700
img_000133.png,78.614055332,81.797468800
img_000134.png,79.185334463,82.661152600
img_000135.png,79.818383702,83.340337300
img_000136.png,80.382805361,83.753715200
img_000137.png,80.883943353,84.580711400
img_000138.png,81.652368821,85.252326000
img_000139.png,82.235886209,85.527363100
img_000140.png,82.762081471,86.355864200
img_000141.png,83.410707703,87.163069800
img_000142.png,83.956858446,87.560308900
img_000143.png,84.482976304,88.400536300
img_000144.png,85.332906044,89.096610900
img_000145.png,85.879229711,89.379689500
img_000146.png,86.397277893,90.217482100
img_000147.png,86.988260199,90.921133900
img_000148.png,87.521384632,91.312119100
img_000149.png,88.084860511,92.142522800
img_000150.png,88.620974077,92.685079300
img_000151.png,89.451476805,92.967616200
img_000152.png,89.973433817,93.798841500
img_000153.png,90.539168319,94.499364800
img_000154.png,91.094548394,94.901915600
img_000155.png,91.599850554,95.608870800
img_000156.png,92.341646964,96.431741300
img_000157.png,93.014806742,96.707696500
img_000158.png,93.534897939,97.525891800
img_000159.png,94.178952105,98.335946100
img_000160.png,94.772371712,98.764941300
img_000161.png,95.273727547,99.586769500
img_000162.png,96.109430049,100.269013700
img_000163.png,96.677612645,100.570036800
img_000164.png,97.256134068,101.532558500
img_000165.png,97.908676596,102.214047200
img_000166.png,98.452408663,102.628353700
img_000167.png,98.972385613,103.566049900
img_000168.png,99.793835275,104.119694200
img_000169.png,100.423805660,104.547942800
img_000170.png,100.940511735,105.494614100
img_000171.png,101.538041389,106.046473400
img_000172.png,102.055432531,106.461440900
img_000173.png,102.581166267,107.409886000
img_000174.png,103.092812227,107.838432500
img_000175.png,103.749949412,108.102843200
img_000176.png,104.250474278,108.776198500
img_000177.png,104.796212652,109.613693100
img_000178.png,105.353197030,110.022724400
img_000179.png,105.867746122,110.572419300
img_000180.png,106.494684279,111.536971300
img_000181.png,107.204156585,111.822983600
img_000182.png,107.756157797,112.361755300
img_000183.png,108.435855542,113.360601900
img_000184.png,109.063894359,113.785971600
img_000185.png,109.621937581,114.592571300
img_000186.png,110.147877430,115.275714500
img_000187.png,110.872146433,115.562304800
img_000188.png,111.414682449,116.131061100
img_000189.png,112.026932547,117.081656200
img_000190.png,112.614369768,117.506978900
img_000191.png,113.154269595,118.185796000
img_000192.png,113.754426601,119.023949300
img_000193.png,114.479042427,119.295483500
img_000194.png,115.010758181,119.860161400
img_000195.png,115.652617346,120.831564000
img_000196.png,116.251556774,121.247330700
img_000197.png,116.767407489,121.959152200
img_000198.png,117.393450059,122.781289700
img_000199.png,118.095602652,123.044250900
img_000200.png,118.621453545,123.608168600
img_000201.png,119.207489675,124.440739200
img_000202.png,119.795814080,124.851448300
img_000203.png,120.334182794,125.530686400
img_000204.png,120.909495635,126.372387100
img_000205.png,121.654884665,126.657630600
img_000206.png,122.213287287,127.225060800
img_000207.png,122.840025456,128.178616900
img_000208.png,123.438249538,128.599737500
img_000209.png,123.968461178,129.294244900
img_000210.png,124.640839438,130.131236900
img_000211.png,125.281369382,130.290253800
img_000212.png,125.833538723,130.960494700
img_000213.png,126.479201177,131.914411900
img_000214.png,127.044739290,132.312450200
img_000215.png,127.614437935,133.021763300
img_000216.png,128.222336432,133.734625600
img_000217.png,128.930609198,134.002357300
img_000218.png,129.451919644,134.702483400
img_000219.png,130.057907125,135.554447800
img_000220.png,130.584748666,135.951238100
img_000221.png,131.143271070,136.647637700
img_000222.png,131.696472794,137.360035400
img_000223.png,132.248258458,137.530867100
img_000224.png,132.800597509,137.896409800
img_000225.png,133.373320907,138.873729300
img_000226.png,133.887911313,139.413215300
img_000227.png,134.459904381,139.833037000
img_000228.png,134.999927631,140.817656200
img_000229.png,135.934466115,141.355478000
img_000230.png,136.512650093,141.888420400
img_000231.png,137.079518511,142.863308300
img_000232.png,137.605321136,143.295079300
img_000233.png,138.172660856,143.701915500
img_000234.png,138.675134073,144.671273500
img_000235.png,139.567205545,145.088445900
img_000236.png,140.101198224,145.529132400
img_000237.png,140.674307947,146.511984600
img_000238.png,141.183439508,146.934806600
img_000239.png,141.695917400,147.336838900
img_000240.png,142.219975616,148.317686000
img_000241.png,143.155600996,148.733305600
img_000242.png,143.718161333,149.270591600
img_000243.png,144.291535052,150.229047300
img_000244.png,144.808601393,150.641586900
img_000245.png,145.414050795,151.181238900
img_000246.png,145.924653607,152.154647900
img_000247.png,146.525412447,152.441173300
img_000248.png,147.048504489,152.704690400
img_000249.png,147.557760773,153.538748500
img_000250.png,148.167392070,154.222016500
img_000251.png,148.778080033,154.639653100
img_000252.png,149.314825431,155.459241700
img_000253.png,150.092263504,156.014514700
img_000254.png,150.671478692,156.298206800
img_000255.png,151.171650073,156.996334300
img_000256.png,151.855944742,157.808745800
img_000257.png,152.402860918,158.215596500
img_000258.png,152.965818883,159.187090000
img_000259.png,153.791937811,159.728892600
img_000260.png,154.303430623,159.998956300
img_000261.png,154.807212756,160.851874200
img_000262.png,155.354933343,161.532806200
img_000263.png,155.948189057,161.933848200
img_000264.png,156.464790638,162.772682000
img_000265.png,157.311615198,163.486177500
img_000266.png,157.853639842,163.750073500
img_000267.png,158.354156930,164.581219500
img_000268.png,158.879847925,165.275825300
img_000269.png,159.417189549,165.561810300
img_000270.png,159.970544387,166.274153100
img_000271.png,160.548300344,167.082412500
img_000272.png,161.295931664,167.361178200
img_000273.png,161.808509352,167.924048500
img_000274.png,162.397591299,168.858557300
img_000275.png,163.006371196,169.284571000
img_000276.png,163.563097680,169.983051700
img_000277.png,164.064921206,170.778883200
img_000278.png,164.781920626,171.043997500
img_000279.png,165.330428475,171.598410900
img_000280.png,165.906373964,172.579204400
img_000281.png,166.432004955,172.977619400
img_000282.png,167.008855336,173.516279600
img_000283.png,167.558140283,174.499083900
img_000284.png,168.131511628,174.774510500
img_000285.png,168.668238848,175.044449000
img_000286.png,169.227543157,175.998454900
img_000287.png,169.785706384,176.558398800
img_000288.png,170.411061155,176.994847400
img_000289.png,170.953194020,177.958946100
img_000290.png,171.738843537,178.498343300
img_000291.png,172.270153926,178.768234000
img_000292.png,172.770675517,179.594304000
img_000293.png,173.471223557,180.413510800
img_000294.png,174.037132131,180.844491600
img_000295.png,174.570748809,181.809303300
img_000296.png,175.072622271,182.219130400
img_000297.png,175.808191773,182.503344100
img_000298.png,176.345732516,183.345249100
img_000299.png,177.035656812,184.184462400
img_000300.png,177.615718537,184.596126100
img_000301.png,178.140227090,185.547620400
img_000302.png,179.156285045,186.089952300
img_000303.png,179.665179098,186.502290200
img_000304.png,180.222563569,187.497806500
img_000305.png,180.882807100,188.045812400
img_000306.png,181.441514443,188.603131900
img_000307.png,181.961642550,189.539619500
img_000308.png,182.589223288,189.808553700
img_000309.png,183.117641873,190.095341800
img_000310.png,183.631103565,190.944281100
img_000311.png,184.241696285,191.635180200
img_000312.png,184.825741135,192.053419500
img_000313.png,185.346530944,193.015535500
img_000314.png,186.217778105,193.584609700
img_000315.png,186.741706853,193.873836200
img_000316.png,187.267262520,194.803649400
img_000317.png,187.930002262,195.499745600
img_000318.png,188.479542306,195.913537100
img_000319.png,189.068033743,196.989561700
img_000320.png,190.046383349,197.429903100
img_000321.png,190.550732457,197.989911700
img_000322.png,191.100289741,198.932972800
img_000323.png,191.616125995,199.334197000
img_000324.png,192.201472588,199.874504800
img_000325.png,192.736211367,200.847723600
img_000326.png,193.334416524,201.132583100
img_000327.png,193.871255747,201.389336400
img_000328.png,194.376825994,202.242738300
img_000329.png,194.967039129,202.952528800
img_000330.png,195.545674452,203.353965500
img_000331.png,196.106953725,204.207946000
img_000332.png,196.700048302,204.747391500
img_000333.png,197.289129559,204.936508800
img_000334.png,197.799184373,205.469985700
img_000335.png,198.369659943,206.428740800
img_000336.png,198.972192697,206.844710500
img_000337.png,199.477658414,207.406369200
img_000338.png,200.133054507,208.370651500
img_000339.png,200.877956022,208.649648700
img_000340.png,201.425810619,209.360075900
img_000341.png,201.938378783,210.168407400
img_000342.png,202.520873583,210.582695000
img_000343.png,203.050136044,211.134394100
img_000344.png,203.561468323,211.957765200
img_000345.png,204.093429920,212.214154900
img_000346.png,204.636166433,212.484530600
img_000347.png,205.194448272,213.313266100
img_000348.png,205.760133467,214.005467600
img_000349.png,206.344094304,214.404921900
img_000350.png,206.854792844,215.219668100
img_000351.png,207.365255837,215.803239400
img_000352.png,208.086280715,216.073054100
img_000353.png,208.636422371,216.770059300
img_000354.png,209.162755690,217.596978700
img_000355.png,209.736612141,218.009664500
img_000356.png,210.256764659,218.549724300
img_000357.png,210.824372577,219.506552000
img_000358.png,211.541835641,219.790928700
img_000359.png,212.111649330,220.335510000
img_000360.png,212.656684888,221.283943200
img_000361.png,213.410977285,221.853414400
img_000362.png,213.944597111,222.518767700
img_000363.png,214.481225787,223.342142300
img_000364.png,215.178573079,223.616870500
img_000365.png,215.718249686,224.158904500
img_000366.png,216.300324738,225.125200500
img_000367.png,216.866666215,225.565342900
img_000368.png,217.505724919,226.135852100
img_000369.png,218.103285649,226.974089400
img_000370.png,218.953539245,227.251269500
img_000371.png,219.513002498,228.071016000
img_000372.png,220.136746775,228.888112600
img_000373.png,220.717362820,229.284325000
img_000374.png,221.237553376,230.089295000
img_000375.png,221.804290435,230.755519600
img_000376.png,222.553321760,231.050306600
img_000377.png,223.103798343,231.868947100
img_000378.png,223.827079464,232.714637500
img_000379.png,224.399117824,233.139905900
img_000380.png,224.926757807,234.090551000
img_000381.png,225.722412191,234.636404300
img_000382.png,226.229145213,234.922384400
img_000383.png,226.782796826,235.782708700
img_000384.png,227.466108852,236.591512100
img_000385.png,228.033478031,236.999438900
img_000386.png,228.543214586,237.941117800
img_000387.png,229.355595401,238.492715100
img_000388.png,229.879219189,238.783670400
img_000389.png,230.447474424,239.639741500
img_000390.png,231.093397804,240.324901800
img_000391.png,231.659740958,240.747876600
img_000392.png,232.183906648,241.693916900
img_000393.png,232.800793328,242.125959700
img_000394.png,233.398447867,242.419714700
img_000395.png,233.916087724,243.229211200
img_000396.png,234.451193729,243.928818900
img_000397.png,235.069268748,244.351081800
img_000398.png,235.620163965,245.184406500
img_000399.png,236.218660270,245.860897100
img_000400.png,236.905274061,246.133113600
img_000401.png,237.424545253,246.848479000
img_000402.png,237.966682291,247.666797700
img_000403.png,238.542319208,248.060484800
img_000404.png,239.106132142,248.744872000
img_000405.png,239.922963332,249.571916400
img_000406.png,240.518422585,249.855832000
img_000407.png,241.042679971,250.540499600
img_000408.png,241.567985294,251.363226000
img_000409.png,242.142615158,251.778444300
img_000410.png,242.650131498,252.345467700
img_000411.png,243.318090682,253.310782800
img_000412.png,244.048980189,253.612319600
img_000413.png,244.623025238,254.310784600
img_000414.png,245.183652046,255.146656100
img_000415.png,245.774857251,255.565553000
img_000416.png,246.326012505,256.266263600
img_000417.png,246.955417383,257.109734800
img_000418.png,247.650814052,257.380177700
img_000419.png,248.188599549,257.932901600
img_000420.png,248.716237005,258.776445500
img_000421.png,249.387939054,259.311140600
img_000422.png,249.953358626,260.013478100
img_000423.png,250.725590320,260.866164900
img_000424.png,251.278345377,261.121187000
img_000425.png,251.814567048,261.826175300
img_000426.png,252.399375403,262.646196800
img_000427.png,253.008652706,263.076343500
img_000428.png,253.537976183,263.769177500
img_000429.png,254.214200742,264.605526700
img_000430.png,254.913254224,264.890987400
img_000431.png,255.445764907,265.586431100
img_000432.png,255.985055841,266.409587800
img_000433.png,256.527426419,266.832357900
img_000434.png,257.065180063,267.408425800
img_000435.png,257.593922120,268.232374000
img_000436.png,258.102630014,268.502657300
img_000437.png,258.745092980,268.905484200
img_000438.png,259.257979572,269.761450200
img_000439.png,259.916108570,270.468833700
img_000440.png,260.422576344,270.865667600
img_000441.png,260.979086893,271.822441300
img_000442.png,261.548873091,272.240501900
img_000443.png,262.117507380,272.519049500
img_000444.png,262.687538430,273.217705200
img_000445.png,263.285701893,274.046313400
img_000446.png,263.802643316,274.330490500
img_000447.png,264.342607907,275.014206500
img_000448.png,264.847719521,275.739697400
img_000449.png,265.367458216,276.002733700
img_000450.png,265.958602825,276.401339100
img_000451.png,266.461643438,277.240785200
img_000452.png,267.095905343,277.926160600
img_000453.png,267.615726295,278.331665300
img_000454.png,268.196578721,279.299700600
img_000455.png,268.830649607,279.731110200
img_000456.png,269.332001789,279.985499300
img_000457.png,269.851944140,280.681004400
img_000458.png,270.492028736,281.522044100
img_000459.png,271.061999648,281.935207400
img_000460.png,271.595601819,282.627773900
img_000461.png,272.165271542,283.305916000
img_000462.png,272.740719029,283.576763000
img_000463.png,273.306695877,284.007446100
img_000464.png,273.874146747,284.957600300
img_000465.png,274.534363787,285.494608000
img_000466.png,275.107478399,286.191803500
img_000467.png,275.767944030,287.021046400
img_000468.png,276.395838360,287.301660800
img_000469.png,276.918425082,287.865418700
img_000470.png,277.439535172,288.708134500
img_000471.png,278.200721926,289.262679000
img_000472.png,278.746026135,289.946096800
img_000473.png,279.397604026,290.765906100
img_000474.png,279.975829045,291.036255400
img_000475.png,280.507239754,291.589741600
img_000476.png,281.054587188,292.443798400
img_000477.png,281.696845993,292.994769700
img_000478.png,282.218597272,293.547596900
img_000479.png,282.886789874,294.511171700
img_000480.png,283.434972485,294.783213300
img_000481.png,283.959562413,295.180538200
img_000482.png,284.482534086,296.010434900
img_000483.png,285.132985100,296.688270400
img_000484.png,285.633149664,297.107657200
img_000485.png,286.146411072,297.944112400
img_000486.png,286.904724953,298.498933700
img_000487.png,287.502109052,298.913349000
img_000488.png,288.011421852,299.724306300
img_000489.png,288.592445139,300.405327600
img_000490.png,289.149917231,300.822172200
img_000491.png,289.720724361,301.656725000
img_000492.png,290.397042086,302.202524800
img_000493.png,290.936611195,302.492866100
img_000494.png,291.481852963,303.205736100
img_000495.png,292.066605393,304.001738600
img_000496.png,292.572804793,304.401989400
img_000497.png,293.101401737,304.955831800
img_000498.png,293.676261437,305.772520300
img_000499.png,294.240935269,306.049172800
img_000500.png,294.771260144,306.450587100
img_000501.png,295.282371183,307.272435800
img_000502.png,295.955499260,307.967298700
img_000503.png,296.459571587,308.393827400
img_000504.png,296.972387030,309.223495700
img_000505.png,297.489752980,309.653522200
img_000506.png,298.031305159,309.918009900
img_000507.png,298.594500780,310.610190300
img_000508.png,299.208033032,311.438057500
img_000509.png,299.878679935,311.991579600
img_000510.png,300.386246873,312.700387400
img_000511.png,300.900009001,313.365432300
img_000512.png,301.535703265,313.651926700
img_000513.png,302.090763561,314.205814800
img_000514.png,302.681420269,315.152197400
img_000515.png,303.332995265,315.693997600
img_000516.png,303.843520289,316.264529100
img_000517.png,304.361327941,317.067610100
img_000518.png,305.153505226,317.490845700
img_000519.png,305.710579687,318.061949100
img_000520.png,306.265024761,318.900928000
img_000521.png,306.938871938,319.472127500
img_000522.png,307.459365173,320.055160400
img_000523.png,308.053167380,320.881583000
img_000524.png,308.711591275,321.161095900
img_000525.png,309.294350364,321.718824100
img_000526.png,309.834944388,322.573233300
img_000527.png,310.460035422,323.116258500
img_000528.png,311.005961630,323.669608300
img_000529.png,311.535152996,324.495417100
img_000530.png,312.256510034,324.917971900
img_000531.png,312.783942091,325.350142600
img_000532.png,313.319847438,326.190261700
